[
    {
        "id": "int",
        "name": "International News",
        "article": null,
        "region": "int",
        "url": "/library/country-int"
    },
    {
        "id": "afghan",
        "name": "Afghanistan",
        "article": null,
        "region": "asia",
        "url": "/library/country-afghan"
    },
    {
        "id": "africa",
        "name": "Africa",
        "article": null,
        "region": "africa",
        "url": "/library/country-africa"
    },
    {
        "id": "albania",
        "name": "Albania",
        "article": null,
        "region": "europe",
        "url": "/library/country-albania"
    },
    {
        "id": "americas",
        "name": "Americas",
        "article": "the",
        "region": "int",
        "url": "/library/country-americas"
    },
    {
        "id": "argentina",
        "name": "Argentina",
        "article": null,
        "region": "southamerica",
        "url": "/library/country-argentina"
    },
    {
        "id": "armenia",
        "name": "Armenia",
        "article": null,
        "region": "asia",
        "url": "/library/country-armenia"
    },
    {
        "id": "asia",
        "name": "Asia",
        "article": null,
        "region": "asia",
        "url": "/library/country-asia"
    },
    {
        "id": "asiapacific",
        "name": "Asia-Pacific",
        "article": "the",
        "region": "int",
        "url": "/library/country-asiapacific"
    },
    {
        "id": "australia",
        "name": "Australia",
        "article": null,
        "region": "oceania",
        "url": "/library/country-australia"
    },
    {
        "id": "austria",
        "name": "Austria",
        "article": null,
        "region": "europe",
        "url": "/library/country-austria"
    },
    {
        "id": "azerbaijan",
        "name": "Azerbaijan",
        "article": null,
        "region": "asia",
        "url": "/library/country-azerbaijan"
    },
    {
        "id": "bahrain",
        "name": "Bahrain",
        "article": null,
        "region": "asia",
        "url": "/library/country-bahrain"
    },
    {
        "id": "bangladesh",
        "name": "Bangladesh",
        "article": null,
        "region": "asia",
        "url": "/library/country-bangladesh"
    },
    {
        "id": "belgium",
        "name": "Belgium",
        "article": null,
        "region": "europe",
        "url": "/library/country-belgium"
    },
    {
        "id": "bhutan",
        "name": "Bhutan",
        "article": null,
        "region": "asia",
        "url": "/library/country-bhutan"
    },
    {
        "id": "bosnia",
        "name": "Bosnia and Herzegovina",
        "article": null,
        "region": "europe",
        "url": "/library/country-bosnia"
    },
    {
        "id": "brazil",
        "name": "Brazil",
        "article": null,
        "region": "southamerica",
        "url": "/library/country-brazil"
    },
    {
        "id": "bulgaria",
        "name": "Bulgaria",
        "article": null,
        "region": "europe",
        "url": "/library/country-bulgaria"
    },
    {
        "id": "burkina",
        "name": "Burkina Faso",
        "article": null,
        "region": "africa",
        "url": "/library/country-burkina"
    },
    {
        "id": "burundi",
        "name": "Burundi",
        "article": null,
        "region": "africa",
        "url": "/library/country-burundi"
    },
    {
        "id": "cambodia",
        "name": "Cambodia",
        "article": null,
        "region": "asia",
        "url": "/library/country-cambodia"
    },
    {
        "id": "cameroon",
        "name": "Cameroon",
        "article": null,
        "region": "asia",
        "url": "/library/country-cameroon"
    },
    {
        "id": "canada",
        "name": "Canada",
        "article": null,
        "region": "northamerica",
        "url": "/library/country-canada"
    },
    {
        "id": "caribbean",
        "name": "Caribbean",
        "article": "the",
        "region": "northamerica",
        "url": "/library/country-caribbean"
    },
    {
        "id": "chile",
        "name": "Chile",
        "article": null,
        "region": "southamerica",
        "url": "/library/country-chile"
    },
    {
        "id": "china",
        "name": "China",
        "article": null,
        "region": "asia",
        "url": "/library/country-china"
    },
    {
        "id": "colombia",
        "name": "Colombia",
        "article": null,
        "region": "southamerica",
        "url": "/library/country-colombia"
    },
    {
        "id": "drc",
        "name": "Congo-Kinshasa",
        "article": null,
        "region": "africa",
        "url": "/library/country-drc"
    },
    {
        "id": "cookislands",
        "name": "Cook Islands",
        "article": "the",
        "region": "oceania",
        "url": "/library/country-cookislands"
    },
    {
        "id": "cyprus",
        "name": "Cyprus",
        "article": null,
        "region": "europe",
        "url": "/library/country-cyprus"
    },
    {
        "id": "czech",
        "name": "Czech Republic",
        "article": "the",
        "region": "europe",
        "url": "/library/country-czech"
    },
    {
        "id": "denmark",
        "name": "Denmark",
        "article": null,
        "region": "europe",
        "url": "/library/country-denmark"
    },
    {
        "id": "djibouti",
        "name": "Djibouti",
        "article": null,
        "region": "africa",
        "url": "/library/country-djibouti"
    },
    {
        "id": "dominica",
        "name": "Dominica",
        "article": null,
        "region": "northamerica",
        "url": "/library/country-dominica"
    },
    {
        "id": "eastafrica",
        "name": "East Africa",
        "article": null,
        "region": "africa",
        "url": "/library/country-eastafrica"
    },
    {
        "id": "eeca",
        "name": "Eastern Europe and Central Asia",
        "article": null,
        "region": "int",
        "url": "/library/country-eeca"
    },
    {
        "id": "egypt",
        "name": "Egypt",
        "article": null,
        "region": "africa",
        "url": "/library/country-egypt"
    },
    {
        "id": "eswatini",
        "name": "Eswatini",
        "article": null,
        "region": "africa",
        "url": "/library/country-eswatini"
    },
    {
        "id": "ethiopia",
        "name": "Ethiopia",
        "article": null,
        "region": "africa",
        "url": "/library/country-ethiopia"
    },
    {
        "id": "europe",
        "name": "Europe",
        "article": null,
        "region": "europe",
        "url": "/library/country-europe"
    },
    {
        "id": "fiji",
        "name": "Fiji",
        "article": null,
        "region": "oceania",
        "url": "/library/country-fiji"
    },
    {
        "id": "finland",
        "name": "Finland",
        "article": null,
        "region": "europe",
        "url": "/library/country-finland"
    },
    {
        "id": "france",
        "name": "France",
        "article": null,
        "region": "europe",
        "url": "/library/country-france"
    },
    {
        "id": "gambia",
        "name": "Gambia",
        "article": "the",
        "region": "africa",
        "url": "/library/country-gambia"
    },
    {
        "id": "georgia",
        "name": "Georgia",
        "article": null,
        "region": "asia",
        "url": "/library/country-georgia"
    },
    {
        "id": "germany",
        "name": "Germany",
        "article": null,
        "region": "europe",
        "url": "/library/country-germany"
    },
    {
        "id": "ghana",
        "name": "Ghana",
        "article": null,
        "region": "africa",
        "url": "/library/country-ghana"
    },
    {
        "id": "greece",
        "name": "Greece",
        "article": null,
        "region": "europe",
        "url": "/library/country-greece"
    },
    {
        "id": "guatemala",
        "name": "Guatemala",
        "article": null,
        "region": "northamerica",
        "url": "/library/country-guatemala"
    },
    {
        "id": "haiti",
        "name": "Haiti",
        "article": null,
        "region": "northamerica",
        "url": "/library/country-haiti"
    },
    {
        "id": "hungary",
        "name": "Hungary",
        "article": null,
        "region": "europe",
        "url": "/library/country-hungary"
    },
    {
        "id": "iceland",
        "name": "Iceland",
        "article": null,
        "region": "europe",
        "url": "/library/country-iceland"
    },
    {
        "id": "india",
        "name": "India",
        "article": null,
        "region": "asia",
        "url": "/library/country-india"
    },
    {
        "id": "indonesia",
        "name": "Indonesia",
        "article": null,
        "region": "asia",
        "url": "/library/country-indonesia"
    },
    {
        "id": "iran",
        "name": "Iran",
        "article": null,
        "region": "asia",
        "url": "/library/country-iran"
    },
    {
        "id": "iraq",
        "name": "Iraq",
        "article": null,
        "region": "asia",
        "url": "/library/country-iraq"
    },
    {
        "id": "ireland",
        "name": "Ireland",
        "article": null,
        "region": "europe",
        "url": "/library/country-ireland"
    },
    {
        "id": "israel",
        "name": "Israel",
        "article": null,
        "region": "asia",
        "url": "/library/country-israel"
    },
    {
        "id": "italy",
        "name": "Italy",
        "article": null,
        "region": "europe",
        "url": "/library/country-italy"
    },
    {
        "id": "jamaica",
        "name": "Jamaica",
        "article": null,
        "region": "northamerica",
        "url": "/library/country-jamaica"
    },
    {
        "id": "japan",
        "name": "Japan",
        "article": null,
        "region": "asia",
        "url": "/library/country-japan"
    },
    {
        "id": "jordan",
        "name": "Jordan",
        "article": null,
        "region": "asia",
        "url": "/library/country-jordan"
    },
    {
        "id": "kazakh",
        "name": "Kazakhstan",
        "article": null,
        "region": "asia",
        "url": "/library/country-kazakh"
    },
    {
        "id": "kenya",
        "name": "Kenya",
        "article": null,
        "region": "africa",
        "url": "/library/country-kenya"
    },
    {
        "id": "kosovo",
        "name": "Kosovo",
        "article": null,
        "region": "europe",
        "url": "/library/country-kosovo"
    },
    {
        "id": "kuwait",
        "name": "Kuwait",
        "article": null,
        "region": "asia",
        "url": "/library/country-kuwait"
    },
    {
        "id": "kyrgyz",
        "name": "Kyrgyzstan",
        "article": null,
        "region": "asia",
        "url": "/library/country-kyrgyz"
    },
    {
        "id": "latinc",
        "name": "Latin America and the Caribbean",
        "article": null,
        "region": "int",
        "url": "/library/country-latinc"
    },
    {
        "id": "lebanon",
        "name": "Lebanon",
        "article": null,
        "region": "asia",
        "url": "/library/country-lebanon"
    },
    {
        "id": "lesotho",
        "name": "Lesotho",
        "article": null,
        "region": "africa",
        "url": "/library/country-lesotho"
    },
    {
        "id": "liberia",
        "name": "Liberia",
        "article": null,
        "region": "africa",
        "url": "/library/country-liberia"
    },
    {
        "id": "libya",
        "name": "Libya",
        "article": null,
        "region": "africa",
        "url": "/library/country-libya"
    },
    {
        "id": "lithuania",
        "name": "Lithuania",
        "article": null,
        "region": "europe",
        "url": "/library/country-lithuania"
    },
    {
        "id": "luxembourg",
        "name": "Luxembourg",
        "article": null,
        "region": "europe",
        "url": "/library/country-luxembourg"
    },
    {
        "id": "madagascar",
        "name": "Madagascar",
        "article": null,
        "region": "africa",
        "url": "/library/country-madagascar"
    },
    {
        "id": "malawi",
        "name": "Malawi",
        "article": null,
        "region": "africa",
        "url": "/library/country-malawi"
    },
    {
        "id": "malaysia",
        "name": "Malaysia",
        "article": null,
        "region": "asia",
        "url": "/library/country-malaysia"
    },
    {
        "id": "maldives",
        "name": "Maldives",
        "article": "the",
        "region": "asia",
        "url": "/library/country-maldives"
    },
    {
        "id": "mali",
        "name": "Mali",
        "article": null,
        "region": "africa",
        "url": "/library/country-mali"
    },
    {
        "id": "malta",
        "name": "Malta",
        "article": null,
        "region": "europe",
        "url": "/library/country-malta"
    },
    {
        "id": "mauritania",
        "name": "Mauritania",
        "article": null,
        "region": "africa",
        "url": "/library/country-mauritania"
    },
    {
        "id": "mexico",
        "name": "Mexico",
        "article": null,
        "region": "northamerica",
        "url": "/library/country-mexico"
    },
    {
        "id": "mena",
        "name": "Middle East and North Africa",
        "article": null,
        "region": "int",
        "url": "/library/country-mena"
    },
    {
        "id": "moldova",
        "name": "Moldova",
        "article": null,
        "region": "europe",
        "url": "/library/country-moldova"
    },
    {
        "id": "mongolia",
        "name": "Mongolia",
        "article": null,
        "region": "asia",
        "url": "/library/country-mongolia"
    },
    {
        "id": "montenegro",
        "name": "Montenegro",
        "article": null,
        "region": "europe",
        "url": "/library/country-montenegro"
    },
    {
        "id": "mozambique",
        "name": "Mozambique",
        "article": null,
        "region": "africa",
        "url": "/library/country-mozambique"
    },
    {
        "id": "myanmar",
        "name": "Myanmar",
        "article": null,
        "region": "asia",
        "url": "/library/country-myanmar"
    },
    {
        "id": "nagorno",
        "name": "Nagorno-Karabakh territory",
        "article": "the",
        "region": "asia",
        "url": "/library/country-nagorno"
    },
    {
        "id": "namibia",
        "name": "Namibia",
        "article": null,
        "region": "africa",
        "url": "/library/country-namibia"
    },
    {
        "id": "nepal",
        "name": "Nepal",
        "article": null,
        "region": "asia",
        "url": "/library/country-nepal"
    },
    {
        "id": "netherlands",
        "name": "Netherlands",
        "article": "",
        "region": "europe",
        "url": "/library/country-netherlands"
    },
    {
        "id": "newzealand",
        "name": "New Zealand",
        "article": null,
        "region": "oceania",
        "url": "/library/country-newzealand"
    },
    {
        "id": "niger",
        "name": "Niger",
        "article": null,
        "region": "africa",
        "url": "/library/country-niger"
    },
    {
        "id": "nigeria",
        "name": "Nigeria",
        "article": null,
        "region": "africa",
        "url": "/library/country-nigeria"
    },
    {
        "id": "northkorea",
        "name": "North Korea",
        "article": null,
        "region": "asia",
        "url": "/library/country-northkorea"
    },
    {
        "id": "northmacedonia",
        "name": "North Macedonia",
        "article": null,
        "region": "europe",
        "url": "/library/country-northmacedonia"
    },
    {
        "id": "norway",
        "name": "Norway",
        "article": null,
        "region": "europe",
        "url": "/library/country-norway"
    },
    {
        "id": "pacific",
        "name": "Pacific",
        "article": "the",
        "region": "oceania",
        "url": "/library/country-pacific"
    },
    {
        "id": "pacificislands",
        "name": "Pacific Islands",
        "article": "",
        "region": "oceania",
        "url": "/library/country-pacificislands"
    },
    {
        "id": "pakistan",
        "name": "Pakistan",
        "article": null,
        "region": "asia",
        "url": "/library/country-pakistan"
    },
    {
        "id": "palestine",
        "name": "Palestine",
        "article": null,
        "region": "asia",
        "url": "/library/country-palestine"
    },
    {
        "id": "panama",
        "name": "Panama",
        "article": null,
        "region": "northamerica",
        "url": "/library/country-panama"
    },
    {
        "id": "peru",
        "name": "Peru",
        "article": null,
        "region": "southamerica",
        "url": "/library/country-peru"
    },
    {
        "id": "philippines",
        "name": "Philippines",
        "article": "the",
        "region": "asia",
        "url": "/library/country-philippines"
    },
    {
        "id": "poland",
        "name": "Poland",
        "article": null,
        "region": "europe",
        "url": "/library/country-poland"
    },
    {
        "id": "portugal",
        "name": "Portugal",
        "article": null,
        "region": "europe",
        "url": "/library/country-portugal"
    },
    {
        "id": "qatar",
        "name": "Qatar",
        "article": null,
        "region": "asia",
        "url": "/library/country-qatar"
    },
    {
        "id": "romania",
        "name": "Romania",
        "article": null,
        "region": "europe",
        "url": "/library/country-romania"
    },
    {
        "id": "russia",
        "name": "Russia",
        "article": null,
        "region": "europe",
        "url": "/library/country-russia"
    },
    {
        "id": "rwanda",
        "name": "Rwanda",
        "article": null,
        "region": "africa",
        "url": "/library/country-rwanda"
    },
    {
        "id": "samoa",
        "name": "Samoa",
        "article": null,
        "region": "oceania",
        "url": "/library/country-samoa"
    },
    {
        "id": "saudi",
        "name": "Saudi Arabia",
        "article": null,
        "region": "asia",
        "url": "/library/country-saudi"
    },
    {
        "id": "senegal",
        "name": "Senegal",
        "article": null,
        "region": "africa",
        "url": "/library/country-senegal"
    },
    {
        "id": "sierraleone",
        "name": "Sierra Leone",
        "article": null,
        "region": "africa",
        "url": "/library/country-sierraleone"
    },
    {
        "id": "singapore",
        "name": "Singapore",
        "article": null,
        "region": "asia",
        "url": "/library/country-singapore"
    },
    {
        "id": "slovakia",
        "name": "Slovakia",
        "article": null,
        "region": "europe",
        "url": "/library/country-slovakia"
    },
    {
        "id": "solomon",
        "name": "Solomon Islands",
        "article": "the",
        "region": "oceania",
        "url": "/library/country-solomon"
    },
    {
        "id": "somalia",
        "name": "Somalia",
        "article": null,
        "region": "africa",
        "url": "/library/country-somalia"
    },
    {
        "id": "southafrica",
        "name": "South Africa",
        "article": null,
        "region": "africa",
        "url": "/library/country-southafrica"
    },
    {
        "id": "southasia",
        "name": "South Asia",
        "article": null,
        "region": "asia",
        "url": "/library/country-southasia"
    },
    {
        "id": "southeastasia",
        "name": "South East Asia",
        "article": null,
        "region": "asia",
        "url": "/library/country-southeastasia"
    },
    {
        "id": "southkorea",
        "name": "South Korea",
        "article": null,
        "region": "asia",
        "url": "/library/country-southkorea"
    },
    {
        "id": "southsudan",
        "name": "South Sudan",
        "article": null,
        "region": "africa",
        "url": "/library/country-southsudan"
    },
    {
        "id": "spain",
        "name": "Spain",
        "article": null,
        "region": "europe",
        "url": "/library/country-spain"
    },
    {
        "id": "srilanka",
        "name": "Sri Lanka",
        "article": null,
        "region": "asia",
        "url": "/library/country-srilanka"
    },
    {
        "id": "sudan",
        "name": "Sudan",
        "article": null,
        "region": "africa",
        "url": "/library/country-sudan"
    },
    {
        "id": "sweden",
        "name": "Sweden",
        "article": null,
        "region": "europe",
        "url": "/library/country-sweden"
    },
    {
        "id": "switzerland",
        "name": "Switzerland",
        "article": null,
        "region": "europe",
        "url": "/library/country-switzerland"
    },
    {
        "id": "syria",
        "name": "Syria",
        "article": null,
        "region": "asia",
        "url": "/library/country-syria"
    },
    {
        "id": "taiwan",
        "name": "Taiwan",
        "article": null,
        "region": "asia",
        "url": "/library/country-taiwan"
    },
    {
        "id": "tajik",
        "name": "Tajikistan",
        "article": null,
        "region": "asia",
        "url": "/library/country-tajik"
    },
    {
        "id": "tanzania",
        "name": "Tanzania",
        "article": null,
        "region": "africa",
        "url": "/library/country-tanzania"
    },
    {
        "id": "thailand",
        "name": "Thailand",
        "article": null,
        "region": "asia",
        "url": "/library/country-thailand"
    },
    {
        "id": "timorleste",
        "name": "Timor Leste",
        "article": null,
        "region": "asia",
        "url": "/library/country-timorleste"
    },
    {
        "id": "tonga",
        "name": "Tonga",
        "article": null,
        "region": "oceania",
        "url": "/library/country-tonga"
    },
    {
        "id": "trinidad",
        "name": "Trinidad and Tobago",
        "article": null,
        "region": "northamerica",
        "url": "/library/country-trinidad"
    },
    {
        "id": "tunisia",
        "name": "Tunisia",
        "article": null,
        "region": "africa",
        "url": "/library/country-tunisia"
    },
    {
        "id": "turkey",
        "name": "Turkey",
        "article": null,
        "region": "asia",
        "url": "/library/country-turkey"
    },
    {
        "id": "uganda",
        "name": "Uganda",
        "article": null,
        "region": "africa",
        "url": "/library/country-uganda"
    },
    {
        "id": "ukraine",
        "name": "Ukraine",
        "article": "the",
        "region": "europe",
        "url": "/library/country-ukraine"
    },
    {
        "id": "uae",
        "name": "United Arab Emirates",
        "article": "the",
        "region": "asia",
        "url": "/library/country-uae"
    },
    {
        "id": "uk",
        "name": "United Kingdom",
        "article": "the",
        "region": "europe",
        "url": "/library/country-uk"
    },
    {
        "id": "usa",
        "name": "United States",
        "article": "the",
        "region": "northamerica",
        "url": "/library/country-usa"
    },
    {
        "id": "uzbek",
        "name": "Uzbekistan",
        "article": null,
        "region": "asia",
        "url": "/library/country-uzbek"
    },
    {
        "id": "vanuatu",
        "name": "Vanuatu",
        "article": null,
        "region": "oceania",
        "url": "/library/country-vanuatu"
    },
    {
        "id": "vatican",
        "name": "Vatican City",
        "article": null,
        "region": "europe",
        "url": "/library/country-vatican"
    },
    {
        "id": "venezuela",
        "name": "Venezuela",
        "article": null,
        "region": "southamerica",
        "url": "/library/country-venezuela"
    },
    {
        "id": "vietnam",
        "name": "Vietnam",
        "article": null,
        "region": "asia",
        "url": "/library/country-vietnam"
    },
    {
        "id": "westafrica",
        "name": "West Africa",
        "article": null,
        "region": "africa",
        "url": "/library/country-westafrica"
    },
    {
        "id": "westbalkans",
        "name": "Western Balkans",
        "article": "the",
        "region": "europe",
        "url": "/library/country-westbalkans"
    },
    {
        "id": "yemen",
        "name": "Yemen",
        "article": null,
        "region": "asia",
        "url": "/library/country-yemen"
    },
    {
        "id": "zambia",
        "name": "Zambia",
        "article": null,
        "region": "africa",
        "url": "/library/country-zambia"
    },
    {
        "id": "zimbabwe",
        "name": "Zimbabwe",
        "article": null,
        "region": "africa",
        "url": "/library/country-zimbabwe"
    }
]