[
    {
        "id": "access",
        "name": "Accessibility and Design",
        "parent": null,
        "longname": null,
        "intro": "",
        "url": "/library/topic-access"
    },
    {
        "id": "age",
        "name": "Ageing",
        "parent": null,
        "longname": null,
        "intro": null,
        "url": "/library/topic-age"
    },
    {
        "id": "air",
        "name": "Air Travel",
        "parent": "mobility",
        "longname": null,
        "intro": null,
        "url": "/library/topic-air"
    },
    {
        "id": "ukrstate",
        "name": "Appeals, Statements and Opinion",
        "parent": "ukr",
        "longname": null,
        "intro": null,
        "url": "/library/topic-ukrstate"
    },
    {
        "id": "digitalai",
        "name": "Artificial Intelligence",
        "parent": "digital",
        "longname": null,
        "intro": null,
        "url": "/library/topic-digitalai"
    },
    {
        "id": "at",
        "name": "Assistive Technology",
        "parent": null,
        "longname": null,
        "intro": null,
        "url": "/library/topic-at"
    },
    {
        "id": "ukrattack",
        "name": "Attacks on disabled people and facilities",
        "parent": "ukr",
        "longname": null,
        "intro": null,
        "url": "/library/topic-ukrattack"
    },
    {
        "id": "ukrback",
        "name": "Before the 2022 invasion",
        "parent": "ukr",
        "longname": "Disability in Ukraine before the 2022 invasion",
        "intro": null,
        "url": "/library/topic-ukrback"
    },
    {
        "id": "blm",
        "name": "Black Lives Matter and Racial justice",
        "parent": null,
        "longname": null,
        "intro": "",
        "url": "/library/topic-blm"
    },
    {
        "id": "braille",
        "name": "Braille",
        "parent": "comms",
        "longname": null,
        "intro": null,
        "url": "/library/topic-braille"
    },
    {
        "id": "covid",
        "name": "COVID-19",
        "parent": null,
        "longname": null,
        "intro": null,
        "url": "/library/topic-covid"
    },
    {
        "id": "civil",
        "name": "Civil Society and Community",
        "parent": null,
        "longname": null,
        "intro": null,
        "url": "/library/topic-civil"
    },
    {
        "id": "climate",
        "name": "Climate Crisis and Environment",
        "parent": null,
        "longname": null,
        "intro": "",
        "url": "/library/topic-climate"
    },
    {
        "id": "cultclothes",
        "name": "Clothing and Fashion",
        "parent": "cult",
        "longname": null,
        "intro": null,
        "url": "/library/topic-cultclothes"
    },
    {
        "id": "comms",
        "name": "Communication and Language",
        "parent": null,
        "longname": null,
        "intro": null,
        "url": "/library/topic-comms"
    },
    {
        "id": "inst",
        "name": "Conditions in Institutions",
        "parent": "indep",
        "longname": null,
        "intro": null,
        "url": "/library/topic-inst"
    },
    {
        "id": "cop",
        "name": "Conference of Parties (COP)",
        "parent": "climate",
        "longname": null,
        "intro": null,
        "url": "/library/topic-cop"
    },
    {
        "id": "conflict",
        "name": "Conflict and Peace",
        "parent": null,
        "longname": null,
        "intro": null,
        "url": "/library/topic-conflict"
    },
    {
        "id": "cult",
        "name": "Culture, Entertainment and Media",
        "parent": null,
        "longname": null,
        "intro": null,
        "url": "/library/topic-cult"
    },
    {
        "id": "data",
        "name": "Data and Research",
        "parent": null,
        "longname": null,
        "intro": null,
        "url": "/library/topic-data"
    },
    {
        "id": "digital",
        "name": "Digital Accessibility and Technology",
        "parent": null,
        "longname": null,
        "intro": null,
        "url": "/library/topic-digital"
    },
    {
        "id": "drr",
        "name": "Disaster Risk Reduction and Crisis Response",
        "parent": null,
        "longname": null,
        "intro": null,
        "url": "/library/topic-drr"
    },
    {
        "id": "econ",
        "name": "Economics and Social Protection",
        "parent": null,
        "longname": null,
        "intro": null,
        "url": "/library/topic-econ"
    },
    {
        "id": "educ",
        "name": "Education and Childhood",
        "parent": null,
        "longname": null,
        "intro": null,
        "url": "/library/topic-educ"
    },
    {
        "id": "employ",
        "name": "Employment, Business and Work",
        "parent": null,
        "longname": null,
        "intro": null,
        "url": "/library/topic-employ"
    },
    {
        "id": "ukrleaving",
        "name": "Evacuating or Leaving Ukraine",
        "parent": "ukr",
        "longname": null,
        "intro": null,
        "url": "/library/topic-ukrleaving"
    },
    {
        "id": "finance",
        "name": "Financial Inclusion",
        "parent": "econ",
        "longname": null,
        "intro": null,
        "url": "/library/topic-finance"
    },
    {
        "id": "food",
        "name": "Food Security and Nutrition",
        "parent": "health",
        "longname": null,
        "intro": null,
        "url": "/library/topic-food"
    },
    {
        "id": "gender",
        "name": "Gender Equality and Women with Disabilities",
        "parent": null,
        "longname": null,
        "intro": null,
        "url": "/library/topic-gender"
    },
    {
        "id": "gds",
        "name": "Global Disability Summit",
        "parent": "intcoop",
        "longname": null,
        "intro": null,
        "url": "/library/topic-gds"
    },
    {
        "id": "health",
        "name": "Health",
        "parent": null,
        "longname": null,
        "intro": null,
        "url": "/library/topic-health"
    },
    {
        "id": "educhigh",
        "name": "Higher Education",
        "parent": "educ",
        "longname": null,
        "intro": null,
        "url": "/library/topic-educhigh"
    },
    {
        "id": "history",
        "name": "History and Memorial",
        "parent": null,
        "longname": null,
        "intro": null,
        "url": "/library/topic-history"
    },
    {
        "id": "house",
        "name": "Housing",
        "parent": "access",
        "longname": "Housing Accessibility",
        "intro": null,
        "url": "/library/topic-house"
    },
    {
        "id": "hum",
        "name": "Humanitarian, Migrants and Refugees",
        "parent": null,
        "longname": null,
        "intro": null,
        "url": "/library/topic-hum"
    },
    {
        "id": "covidimpact",
        "name": "Impact",
        "parent": "covid",
        "longname": "Impact of COVID-19",
        "intro": null,
        "url": "/library/topic-covidimpact"
    },
    {
        "id": "indep",
        "name": "Independent Living and Deinstitutionalization",
        "parent": null,
        "longname": null,
        "intro": null,
        "url": "/library/topic-indep"
    },
    {
        "id": "indigenous",
        "name": "Indigenous People and Minority Communities",
        "parent": null,
        "longname": null,
        "intro": null,
        "url": "/library/topic-indigenous"
    },
    {
        "id": "intcoop",
        "name": "International Cooperation",
        "parent": null,
        "longname": null,
        "intro": null,
        "url": "/library/topic-intcoop"
    },
    {
        "id": "idpwd",
        "name": "International Day of Persons with Disabilities",
        "parent": null,
        "longname": null,
        "intro": null,
        "url": "/library/topic-idpwd"
    },
    {
        "id": "womenint",
        "name": "International Women's Day",
        "parent": "gender",
        "longname": null,
        "intro": null,
        "url": "/library/topic-womenint"
    },
    {
        "id": "justice",
        "name": "Justice Systems and Legal Capacity",
        "parent": null,
        "longname": null,
        "intro": null,
        "url": "/library/topic-justice"
    },
    {
        "id": "lived",
        "name": "Lived Experience and Opinion",
        "parent": null,
        "longname": null,
        "intro": null,
        "url": "/library/topic-lived"
    },
    {
        "id": "covidliving",
        "name": "Living with COVID-19",
        "parent": "covid",
        "longname": null,
        "intro": null,
        "url": "/library/topic-covidliving"
    },
    {
        "id": "cultmedia",
        "name": "Media",
        "parent": "cult",
        "longname": null,
        "intro": null,
        "url": "/library/topic-cultmedia"
    },
    {
        "id": "mental",
        "name": "Mental Health",
        "parent": null,
        "longname": null,
        "intro": null,
        "url": "/library/topic-mental"
    },
    {
        "id": "migration",
        "name": "Migration",
        "parent": "hum",
        "longname": null,
        "intro": null,
        "url": "/library/topic-migration"
    },
    {
        "id": "misc",
        "name": "Miscellaneous",
        "parent": null,
        "longname": null,
        "intro": null,
        "url": "/library/topic-misc"
    },
    {
        "id": "mobility",
        "name": "Mobility, Travel, Transport and Tourism",
        "parent": null,
        "longname": null,
        "intro": null,
        "url": "/library/topic-mobility"
    },
    {
        "id": "digitalon",
        "name": "Online Accessibility",
        "parent": "digital",
        "longname": null,
        "intro": null,
        "url": "/library/topic-digitalon"
    },
    {
        "id": "policy",
        "name": "Policy and Rights",
        "parent": null,
        "longname": null,
        "intro": null,
        "url": "/library/topic-policy"
    },
    {
        "id": "politics",
        "name": "Politics and Elections",
        "parent": null,
        "longname": null,
        "intro": null,
        "url": "/library/topic-politics"
    },
    {
        "id": "rehab",
        "name": "Rehabilitation",
        "parent": "health",
        "longname": null,
        "intro": null,
        "url": "/library/topic-rehab"
    },
    {
        "id": "relation",
        "name": "Relationships, Sex and Reproductive Rights",
        "parent": null,
        "longname": null,
        "intro": null,
        "url": "/library/topic-relation"
    },
    {
        "id": "judy",
        "name": "Remembering Judy Heumann",
        "parent": "history",
        "longname": null,
        "intro": null,
        "url": "/library/topic-judy"
    },
    {
        "id": "research",
        "name": "Research",
        "parent": "data",
        "longname": null,
        "intro": null,
        "url": "/library/topic-research"
    },
    {
        "id": "covidresp",
        "name": "Response",
        "parent": "covid",
        "longname": "Response to COVID-19",
        "intro": null,
        "url": "/library/topic-covidresp"
    },
    {
        "id": "ukrresponse",
        "name": "Response and Resources",
        "parent": "ukr",
        "longname": "Response to Ukraine War and Resources",
        "intro": "",
        "url": "/library/topic-ukrresponse"
    },
    {
        "id": "sign",
        "name": "Sign Languages",
        "parent": "comms",
        "longname": null,
        "intro": null,
        "url": "/library/topic-sign"
    },
    {
        "id": "ukrliving",
        "name": "Situation in Ukraine",
        "parent": "ukr",
        "longname": "Situation of Disabled People in the Ukraine War",
        "intro": null,
        "url": "/library/topic-ukrliving"
    },
    {
        "id": "digitalsoc",
        "name": "Social Media",
        "parent": "digital",
        "longname": null,
        "intro": null,
        "url": "/library/topic-digitalsoc"
    },
    {
        "id": "socpro",
        "name": "Social Protection",
        "parent": "econ",
        "longname": null,
        "intro": null,
        "url": "/library/topic-socpro"
    },
    {
        "id": "space",
        "name": "Space Exploration",
        "parent": null,
        "longname": null,
        "intro": null,
        "url": "/library/topic-space"
    },
    {
        "id": "sport",
        "name": "Sport and Paralympics",
        "parent": null,
        "longname": null,
        "intro": null,
        "url": "/library/topic-sport"
    },
    {
        "id": "culttvfilm",
        "name": "TV and Film",
        "parent": "cult",
        "longname": null,
        "intro": null,
        "url": "/library/topic-culttvfilm"
    },
    {
        "id": "digitaltech",
        "name": "Technology",
        "parent": "digital",
        "longname": "Digital Technology Accessibility",
        "intro": null,
        "url": "/library/topic-digitaltech"
    },
    {
        "id": "violence",
        "name": "Violence and Harassment",
        "parent": null,
        "longname": null,
        "intro": null,
        "url": "/library/topic-violence"
    },
    {
        "id": "ukr",
        "name": "War in Ukraine",
        "parent": null,
        "longname": null,
        "intro": null,
        "url": "/library/topic-ukr"
    },
    {
        "id": "wash",
        "name": "Water and Sanitation (WASH)",
        "parent": null,
        "longname": null,
        "intro": null,
        "url": "/library/topic-wash"
    }
]